{
  "FeatureCollections": {
    "type": "FeatureCollection",
    "features": []
  },
  "Features": {
    "type": "Feature",
    "geometry": {
      "type": "Point",
      "coordinates": [ "longitude", "latitude" ]
    },
    "properties": {
      "name": "Satellite Name",
      "description": "Satellite Description"
    }
  },
  "FC": {
    {
      "type": "FeatureCollection",
      "features": [
        {
          "type": "Feature",
          "geometry": {
            "type": "Point",
            "coordinates": [ 75.703576677134315, 30.123456 ]
          },
          "properties": {
            "name": "Satellite 1",
            "description": "Description of Satellite 1"
          }
        },
        {
          "type": "Feature",
          "geometry": {
            "type": "Point",
            "coordinates": [ 75.703576677134315, 30.123456 ]
          },
          "properties": {
            "name": "Satellite 2",
            "description": "Description of Satellite 2"
          }
        },
        "..."
      ]
    }
  },
  "AllowedHosts": "*"
}









{
  "ConnectionStrings": {
    "AZURE_SQL_CONNECTIONSTRING": "Server=tcp:<database-server-name>.database.windows.net,1433;Initial Catalog=<database-name>;Encrypt=True;TrustServerCertificate=False;Connection Timeout=30;Authentication=\"Active Directory Default\";"
  },
  "Logging": {
    "LogLevel": {
      "Default": "Information",
      "Microsoft.AspNetCore": "Warning"
    }
  },
  "AllowedHosts": "*"
}
